Workbook

Sheet Instructions
A1: Critical Path Analysis – Spreadsheet Homework – SOLUTIONS
A2: Four tasks. In Tasks 1 to 3 you build the model yourself. Task 4 gives you a finished model to experiment with.
A4: SOLUTIONS – green cells show a correct formula or answer. Your formulas may look different and still be correct.
A6: Colour key
B7: Green = a worked solution.
A8: 1000 | B8: Blue = given information. Only change it when a question tells you to, then change it back.
A11: The tasks
A12: Tab | B12: Context | C12: What you practise
A13: Task 1 Formal | B13: Planning the Year 12 formal | C13: Forward scan: ESTs, EFTs and the minimum completion time
A14: Task 2 Formal backward | B14: The same formal, continued | C14: Successors, backward scan, float and the critical path
A15: Task 3 Heritage project | B15: Restoring a heritage building with the local community | C15: A whole project: both scans, the critical path and a Gantt chart
A16: Task 4 Garden | B16: Building a community garden | C16: Using a finished model to examine delays and speed-ups
A18: Rules for a good spreadsheet model
A19: 1. Every yellow table cell must contain a formula starting with =, not a typed number.
A20: 2. Formulas must use cell references (such as $B$5) for the given values, so the model updates when a value changes.
A21: 3. Use $ signs to lock a reference before you fill a formula down or across.
A22: 4. Use the check figures on each tab to test your formulas before you answer the questions.
A23: 5. Every chart needs a title and axis titles, and a legend if it shows more than one series. Place charts to the right of the questions.
A24: 6. Written answers should include the numbers from your spreadsheet that support them.
A25: 7. In Tasks 1 to 3 you may write each EST and LFT with MAX or MIN of the right cells (for example =MAX(H6,H7)), or use VLOOKUP as in the tutorial.

Sheet Task 1 Formal
A1: Task 1 Planning the formal: forward scan
A2: The formal committee has listed the activities needed to run the Year 12 formal, with how many days each takes and what must be finished first.
A4: Precedence table | K4: What to do
A5: Activity | B5: Task | C5: Duration (days) | D5: Immediate predecessor 1 | E5: Immediate predecessor 2 | F5: Immediate predecessor 3 | G5: EST | H5: EFT | K5: 1. Activity A is done for you: it has no predecessors, so its EST is 0, and EFT = EST + duration.
A6: A | B6: Book the venue | C6: 3 | G6: 0 | H6: =G6+C6
A7: B | B7: Choose a theme | C7: 2 | G7: =MAX(0,IFERROR(VLOOKUP(D7,$A$5:$H6,8,FALSE),0),IFERROR(VLOOKUP(E7,$A$5:$H6,8,FALSE),0),IFERROR(VLOOKUP(F7,$A$5:$H6,8,FALSE),0)) | H7: =G7+C7 | K7: 2. For each other activity, EST = the LARGEST EFT of its immediate predecessors. For example, E must wait for A and B, so G10 could be =MAX(H6,H7).
A8: C | B8: Book a DJ | C8: 2 | D8: A | G8: =MAX(0,IFERROR(VLOOKUP(D8,$A$5:$H7,8,FALSE),0),IFERROR(VLOOKUP(E8,$A$5:$H7,8,FALSE),0),IFERROR(VLOOKUP(F8,$A$5:$H7,8,FALSE),0)) | H8: =G8+C8
A9: D | B9: Order decorations | C9: 4 | D9: B | G9: =MAX(0,IFERROR(VLOOKUP(D9,$A$5:$H8,8,FALSE),0),IFERROR(VLOOKUP(E9,$A$5:$H8,8,FALSE),0),IFERROR(VLOOKUP(F9,$A$5:$H8,8,FALSE),0)) | H9: =G9+C9 | K9: 3. Fill in every EST and EFT, working down the table.
A10: E | B10: Sell tickets | C10: 5 | D10: A | E10: B | G10: =MAX(0,IFERROR(VLOOKUP(D10,$A$5:$H9,8,FALSE),0),IFERROR(VLOOKUP(E10,$A$5:$H9,8,FALSE),0),IFERROR(VLOOKUP(F10,$A$5:$H9,8,FALSE),0)) | H10: =G10+C10 | K10: 4. In C17, find the minimum completion time with MAX.
A11: F | B11: Arrange catering | C11: 3 | D11: A | G11: =MAX(0,IFERROR(VLOOKUP(D11,$A$5:$H10,8,FALSE),0),IFERROR(VLOOKUP(E11,$A$5:$H10,8,FALSE),0),IFERROR(VLOOKUP(F11,$A$5:$H10,8,FALSE),0)) | H11: =G11+C11 | K11: Check: activity G should have EST 6 and EFT 8.
A12: G | B12: Decorate the venue | C12: 2 | D12: C | E12: D | G12: =MAX(0,IFERROR(VLOOKUP(D12,$A$5:$H11,8,FALSE),0),IFERROR(VLOOKUP(E12,$A$5:$H11,8,FALSE),0),IFERROR(VLOOKUP(F12,$A$5:$H11,8,FALSE),0)) | H12: =G12+C12
A13: H | B13: Finalise the seating plan | C13: 1 | D13: E | E13: F | G13: =MAX(0,IFERROR(VLOOKUP(D13,$A$5:$H12,8,FALSE),0),IFERROR(VLOOKUP(E13,$A$5:$H12,8,FALSE),0),IFERROR(VLOOKUP(F13,$A$5:$H12,8,FALSE),0)) | H13: =G13+C13 | K13: Questions – worked answers
A14: I | B14: Formal night | C14: 1 | D14: G | E14: H | G14: =MAX(0,IFERROR(VLOOKUP(D14,$A$5:$H13,8,FALSE),0),IFERROR(VLOOKUP(E14,$A$5:$H13,8,FALSE),0),IFERROR(VLOOKUP(F14,$A$5:$H13,8,FALSE),0)) | H14: =G14+C14 | K14: Q1. What is the minimum completion time for the formal?
K15: 10 days (the largest EFT, activity I).
A16: Your calculations
A17: Minimum completion time (days) | C17: =MAX(H6:H14)
K19: Q2. Which activities can start straight away? How can you tell from the table?
K20: A and B. They have no immediate predecessors, so their EST is 0.
K24: Q3. Explain why activity E has an EST of 3, not 2.
K25: E needs both A and B to be finished. B finishes on day 2 but A not until day 3, so E must wait for the later one – the largest EFT.
K29: Q4. Booking the DJ (C) actually takes 4 days. Change C8 (then change it back). Does the minimum completion time change? Explain.
K31: No – it stays at 10 days. C now finishes on day 7, so G starts on day 7 and finishes on day 9. That is no later than H finishes (day 9), so the formal night (I) can still start on day 9.

Sheet Task 2 Formal backward
A1: Task 2 The formal, continued: backward scan and critical path
A2: This tab continues Task 1. The durations, ESTs and EFTs are linked to your answers there, so finish Task 1 first.
A4: Backward scan | M4: What to do
A5: Activity | B5: Duration (days) | C5: EST | D5: EFT | E5: Immediate successor 1 | F5: Immediate successor 2 | G5: Immediate successor 3 | H5: LFT | I5: LST | J5: Float | K5: Critical? | M5: 1. Fill in the successors: for each activity, list every activity that has it as an immediate predecessor. Use the precedence table in Task 1.
A6: ='Task 1 Formal'!A6 | B6: ='Task 1 Formal'!C6 | C6: ='Task 1 Formal'!G6 | D6: ='Task 1 Formal'!H6 | E6: C | F6: E | G6: F | H6: =MIN($D$17,IFERROR(VLOOKUP(E6,$A7:$I$15,9,FALSE),$D$17),IFERROR(VLOOKUP(F6,$A7:$I$15,9,FALSE),$D$17),IFERROR(VLOOKUP(G6,$A7:$I$15,9,FALSE),$D$17)) | I6: =H6-B6 | J6: =I6-C6 | K6: =IF(J6=0,"Critical","")
A7: ='Task 1 Formal'!A7 | B7: ='Task 1 Formal'!C7 | C7: ='Task 1 Formal'!G7 | D7: ='Task 1 Formal'!H7 | E7: D | F7: E | H7: =MIN($D$17,IFERROR(VLOOKUP(E7,$A8:$I$15,9,FALSE),$D$17),IFERROR(VLOOKUP(F7,$A8:$I$15,9,FALSE),$D$17),IFERROR(VLOOKUP(G7,$A8:$I$15,9,FALSE),$D$17)) | I7: =H7-B7 | J7: =I7-C7 | K7: =IF(J7=0,"Critical","") | M7: 2. The last activity (I) is done for you: its LFT is the minimum completion time. Work UP the table: LFT = the SMALLEST LST of its immediate successors. For example, F11 has one successor, H, so H11 could be =I13.
A8: ='Task 1 Formal'!A8 | B8: ='Task 1 Formal'!C8 | C8: ='Task 1 Formal'!G8 | D8: ='Task 1 Formal'!H8 | E8: G | H8: =MIN($D$17,IFERROR(VLOOKUP(E8,$A9:$I$15,9,FALSE),$D$17),IFERROR(VLOOKUP(F8,$A9:$I$15,9,FALSE),$D$17),IFERROR(VLOOKUP(G8,$A9:$I$15,9,FALSE),$D$17)) | I8: =H8-B8 | J8: =I8-C8 | K8: =IF(J8=0,"Critical","")
A9: ='Task 1 Formal'!A9 | B9: ='Task 1 Formal'!C9 | C9: ='Task 1 Formal'!G9 | D9: ='Task 1 Formal'!H9 | E9: G | H9: =MIN($D$17,IFERROR(VLOOKUP(E9,$A10:$I$15,9,FALSE),$D$17),IFERROR(VLOOKUP(F9,$A10:$I$15,9,FALSE),$D$17),IFERROR(VLOOKUP(G9,$A10:$I$15,9,FALSE),$D$17)) | I9: =H9-B9 | J9: =I9-C9 | K9: =IF(J9=0,"Critical","")
A10: ='Task 1 Formal'!A10 | B10: ='Task 1 Formal'!C10 | C10: ='Task 1 Formal'!G10 | D10: ='Task 1 Formal'!H10 | E10: H | H10: =MIN($D$17,IFERROR(VLOOKUP(E10,$A11:$I$15,9,FALSE),$D$17),IFERROR(VLOOKUP(F10,$A11:$I$15,9,FALSE),$D$17),IFERROR(VLOOKUP(G10,$A11:$I$15,9,FALSE),$D$17)) | I10: =H10-B10 | J10: =I10-C10 | K10: =IF(J10=0,"Critical","") | M10: 3. LST = LFT − duration. Float = LST − EST. In column K, use IF to show "Critical" when the float is 0.
A11: ='Task 1 Formal'!A11 | B11: ='Task 1 Formal'!C11 | C11: ='Task 1 Formal'!G11 | D11: ='Task 1 Formal'!H11 | E11: H | H11: =MIN($D$17,IFERROR(VLOOKUP(E11,$A12:$I$15,9,FALSE),$D$17),IFERROR(VLOOKUP(F11,$A12:$I$15,9,FALSE),$D$17),IFERROR(VLOOKUP(G11,$A12:$I$15,9,FALSE),$D$17)) | I11: =H11-B11 | J11: =I11-C11 | K11: =IF(J11=0,"Critical","")
A12: ='Task 1 Formal'!A12 | B12: ='Task 1 Formal'!C12 | C12: ='Task 1 Formal'!G12 | D12: ='Task 1 Formal'!H12 | E12: I | H12: =MIN($D$17,IFERROR(VLOOKUP(E12,$A13:$I$15,9,FALSE),$D$17),IFERROR(VLOOKUP(F12,$A13:$I$15,9,FALSE),$D$17),IFERROR(VLOOKUP(G12,$A13:$I$15,9,FALSE),$D$17)) | I12: =H12-B12 | J12: =I12-C12 | K12: =IF(J12=0,"Critical","") | M12: 4. Type the critical path in D18, for example A – B – C.
A13: ='Task 1 Formal'!A13 | B13: ='Task 1 Formal'!C13 | C13: ='Task 1 Formal'!G13 | D13: ='Task 1 Formal'!H13 | E13: I | H13: =MIN($D$17,IFERROR(VLOOKUP(E13,$A14:$I$15,9,FALSE),$D$17),IFERROR(VLOOKUP(F13,$A14:$I$15,9,FALSE),$D$17),IFERROR(VLOOKUP(G13,$A14:$I$15,9,FALSE),$D$17)) | I13: =H13-B13 | J13: =I13-C13 | K13: =IF(J13=0,"Critical","") | M13: Check: activity D should have LST 3 and float 1.
A14: ='Task 1 Formal'!A14 | B14: ='Task 1 Formal'!C14 | C14: ='Task 1 Formal'!G14 | D14: ='Task 1 Formal'!H14 | H14: =$D$17 | I14: =H14-B14 | J14: =I14-C14 | K14: =IF(J14=0,"Critical","")
M15: Questions – worked answers
A16: Your calculations | M16: Q1. Which activities are critical? Write the critical path.
A17: Minimum completion time (from Task 1) | D17: ='Task 1 Formal'!C17 | M17: A – E – H – I. These have zero float, and their durations add to 10 days.
A18: Critical path | D18: A – E – H – I
M21: Q2. Which activity has the most float, and how much?
M22: C (book a DJ) and F (arrange catering), with 2 days each.
M26: Q3. What does the float of activity F (arrange catering) mean for the person organising the catering?
M28: F has 2 days of float. Its EST is day 3 but it can start as late as day 5 without delaying the formal.
M32: Q4. Can booking the DJ (C) be delayed by 3 days without delaying the formal? Explain using its float.
M34: No. C has only 2 days of float, so a 3-day delay would delay the formal by 1 day.

Sheet Task 3 Heritage project
A1: Task 3 A community heritage project
A2: A local council is working with Aboriginal Elders, Traditional Owners and the historical society to restore an old building and open it as a cultural heritage centre. Durations are in weeks.
A4: Precedence table | Q4: What to do
A5: Activity | B5: Task | C5: Duration (weeks) | D5: Pred. 1 | E5: Pred. 2 | F5: Pred. 3 | G5: Succ. 1 | H5: Succ. 2 | I5: Succ. 3 | J5: EST | K5: EFT | L5: LFT | M5: LST | N5: Float | O5: Critical? | Q5: 1. Forward scan: fill in the EST and EFT of every activity, working down. Activity A is done for you.
A6: A | B6: Consult Elders and Traditional Owners | C6: 3 | G6: C | H6: D | I6: F | J6: 0 | K6: =J6+C6 | L6: =MIN($C$18,IFERROR(VLOOKUP(G6,$A7:$M$16,13,FALSE),$C$18),IFERROR(VLOOKUP(H6,$A7:$M$16,13,FALSE),$C$18),IFERROR(VLOOKUP(I6,$A7:$M$16,13,FALSE),$C$18)) | M6: =L6-C6 | N6: =M6-J6 | O6: =IF(N6=0,"Critical","")
A7: B | B7: Survey the site | C7: 2 | G7: D | J7: =MAX(0,IFERROR(VLOOKUP(D7,$A$5:$K6,11,FALSE),0),IFERROR(VLOOKUP(E7,$A$5:$K6,11,FALSE),0),IFERROR(VLOOKUP(F7,$A$5:$K6,11,FALSE),0)) | K7: =J7+C7 | L7: =MIN($C$18,IFERROR(VLOOKUP(G7,$A8:$M$16,13,FALSE),$C$18),IFERROR(VLOOKUP(H7,$A8:$M$16,13,FALSE),$C$18),IFERROR(VLOOKUP(I7,$A8:$M$16,13,FALSE),$C$18)) | M7: =L7-C7 | N7: =M7-J7 | O7: =IF(N7=0,"Critical","") | Q7: 2. Find the minimum completion time in C18.
A8: C | B8: Research historical records | C8: 4 | D8: A | G8: E | J8: =MAX(0,IFERROR(VLOOKUP(D8,$A$5:$K7,11,FALSE),0),IFERROR(VLOOKUP(E8,$A$5:$K7,11,FALSE),0),IFERROR(VLOOKUP(F8,$A$5:$K7,11,FALSE),0)) | K8: =J8+C8 | L8: =MIN($C$18,IFERROR(VLOOKUP(G8,$A9:$M$16,13,FALSE),$C$18),IFERROR(VLOOKUP(H8,$A9:$M$16,13,FALSE),$C$18),IFERROR(VLOOKUP(I8,$A9:$M$16,13,FALSE),$C$18)) | M8: =L8-C8 | N8: =M8-J8 | O8: =IF(N8=0,"Critical","") | Q8: 3. Backward scan: fill in the LFT and LST of every activity, working up from J. Then find each float and use IF to mark the critical activities.
A9: D | B9: Apply for heritage permits | C9: 3 | D9: A | E9: B | G9: G | J9: =MAX(0,IFERROR(VLOOKUP(D9,$A$5:$K8,11,FALSE),0),IFERROR(VLOOKUP(E9,$A$5:$K8,11,FALSE),0),IFERROR(VLOOKUP(F9,$A$5:$K8,11,FALSE),0)) | K9: =J9+C9 | L9: =MIN($C$18,IFERROR(VLOOKUP(G9,$A10:$M$16,13,FALSE),$C$18),IFERROR(VLOOKUP(H9,$A10:$M$16,13,FALSE),$C$18),IFERROR(VLOOKUP(I9,$A10:$M$16,13,FALSE),$C$18)) | M9: =L9-C9 | N9: =M9-J9 | O9: =IF(N9=0,"Critical","")
A10: E | B10: Design interpretive signs | C10: 3 | D10: C | G10: H | J10: =MAX(0,IFERROR(VLOOKUP(D10,$A$5:$K9,11,FALSE),0),IFERROR(VLOOKUP(E10,$A$5:$K9,11,FALSE),0),IFERROR(VLOOKUP(F10,$A$5:$K9,11,FALSE),0)) | K10: =J10+C10 | L10: =MIN($C$18,IFERROR(VLOOKUP(G10,$A11:$M$16,13,FALSE),$C$18),IFERROR(VLOOKUP(H10,$A11:$M$16,13,FALSE),$C$18),IFERROR(VLOOKUP(I10,$A11:$M$16,13,FALSE),$C$18)) | M10: =L10-C10 | N10: =M10-J10 | O10: =IF(N10=0,"Critical","") | Q10: 4. Type the critical path in C19.
A11: F | B11: Record oral histories | C11: 5 | D11: A | G11: I | J11: =MAX(0,IFERROR(VLOOKUP(D11,$A$5:$K10,11,FALSE),0),IFERROR(VLOOKUP(E11,$A$5:$K10,11,FALSE),0),IFERROR(VLOOKUP(F11,$A$5:$K10,11,FALSE),0)) | K11: =J11+C11 | L11: =MIN($C$18,IFERROR(VLOOKUP(G11,$A12:$M$16,13,FALSE),$C$18),IFERROR(VLOOKUP(H11,$A12:$M$16,13,FALSE),$C$18),IFERROR(VLOOKUP(I11,$A12:$M$16,13,FALSE),$C$18)) | M11: =L11-C11 | N11: =M11-J11 | O11: =IF(N11=0,"Critical","") | Q11: 5. Insert a Gantt chart: select the Activity, EST and Duration columns (hold Ctrl or Cmd to select columns that are apart), insert a stacked bar chart, then format the EST series to have no fill. Reverse the order of the categories so A is at the top.
A12: G | B12: Restore the building | C12: 6 | D12: D | G12: H | J12: =MAX(0,IFERROR(VLOOKUP(D12,$A$5:$K11,11,FALSE),0),IFERROR(VLOOKUP(E12,$A$5:$K11,11,FALSE),0),IFERROR(VLOOKUP(F12,$A$5:$K11,11,FALSE),0)) | K12: =J12+C12 | L12: =MIN($C$18,IFERROR(VLOOKUP(G12,$A13:$M$16,13,FALSE),$C$18),IFERROR(VLOOKUP(H12,$A13:$M$16,13,FALSE),$C$18),IFERROR(VLOOKUP(I12,$A13:$M$16,13,FALSE),$C$18)) | M12: =L12-C12 | N12: =M12-J12 | O12: =IF(N12=0,"Critical","")
A13: H | B13: Install the signs | C13: 2 | D13: E | E13: G | G13: J | J13: =MAX(0,IFERROR(VLOOKUP(D13,$A$5:$K12,11,FALSE),0),IFERROR(VLOOKUP(E13,$A$5:$K12,11,FALSE),0),IFERROR(VLOOKUP(F13,$A$5:$K12,11,FALSE),0)) | K13: =J13+C13 | L13: =MIN($C$18,IFERROR(VLOOKUP(G13,$A14:$M$16,13,FALSE),$C$18),IFERROR(VLOOKUP(H13,$A14:$M$16,13,FALSE),$C$18),IFERROR(VLOOKUP(I13,$A14:$M$16,13,FALSE),$C$18)) | M13: =L13-C13 | N13: =M13-J13 | O13: =IF(N13=0,"Critical","")
A14: I | B14: Build the online archive | C14: 3 | D14: F | G14: J | J14: =MAX(0,IFERROR(VLOOKUP(D14,$A$5:$K13,11,FALSE),0),IFERROR(VLOOKUP(E14,$A$5:$K13,11,FALSE),0),IFERROR(VLOOKUP(F14,$A$5:$K13,11,FALSE),0)) | K14: =J14+C14 | L14: =MIN($C$18,IFERROR(VLOOKUP(G14,$A15:$M$16,13,FALSE),$C$18),IFERROR(VLOOKUP(H14,$A15:$M$16,13,FALSE),$C$18),IFERROR(VLOOKUP(I14,$A15:$M$16,13,FALSE),$C$18)) | M14: =L14-C14 | N14: =M14-J14 | O14: =IF(N14=0,"Critical","")
A15: J | B15: Opening ceremony | C15: 1 | D15: H | E15: I | J15: =MAX(0,IFERROR(VLOOKUP(D15,$A$5:$K14,11,FALSE),0),IFERROR(VLOOKUP(E15,$A$5:$K14,11,FALSE),0),IFERROR(VLOOKUP(F15,$A$5:$K14,11,FALSE),0)) | K15: =J15+C15 | L15: =MIN($C$18,IFERROR(VLOOKUP(G15,$A16:$M$16,13,FALSE),$C$18),IFERROR(VLOOKUP(H15,$A16:$M$16,13,FALSE),$C$18),IFERROR(VLOOKUP(I15,$A16:$M$16,13,FALSE),$C$18)) | M15: =L15-C15 | N15: =M15-J15 | O15: =IF(N15=0,"Critical","") | Q15: Check: activity F should have EST 3 and float 3.
A17: Your calculations | Q17: Questions – worked answers
A18: Minimum completion time (weeks) | C18: =MAX(K6:K15) | Q18: Q1. What is the minimum completion time for the project?
A19: Critical path | C19: A – D – G – H – J | Q19: 15 weeks.
Q23: Q2. What is the critical path? Check that its durations add up to the minimum completion time.
Q25: A – D – G – H – J: 3 + 3 + 6 + 2 + 1 = 15 weeks.
Q29: Q3. Use your Gantt chart. Which activities are under way during week 8 (between time 7 and time 8)?
Q31: E, F and G – their bars cross the 7 to 8 mark.
Q35: Q4. Which non-critical activity can be delayed the longest without delaying the opening? By how many weeks?
Q37: F (record oral histories) and I (build the online archive) – each has 3 weeks of float.

Sheet Task 4 Garden
A1: Task 4 Building a community garden: what if?
A2: This model of a community garden build is already finished. Use it to see what happens when activities are delayed or sped up. Durations are in days.
A4: The model – change only column D | Q4: What to do
A5: Activity | B5: Task | C5: Original duration | D5: Change (days) | E5: New duration | F5: Pred. 1 | G5: Pred. 2 | H5: EST | I5: EFT | J5: Succ. 1 | K5: Succ. 2 | L5: LFT | M5: LST | N5: Float | O5: Critical? | Q5: 1. Every formula in this model is already written. Read a few to see how they work.
A6: A | B6: Clear the site | C6: 2 | D6: 0 | E6: =C6+D6 | H6: =MAX(0,IFERROR(VLOOKUP(F6,$A$5:$I5,9,FALSE),0),IFERROR(VLOOKUP(G6,$A$5:$I5,9,FALSE),0)) | I6: =H6+E6 | J6: C | K6: D | L6: =MIN($C$16,IFERROR(VLOOKUP(J6,$A7:$M$14,13,FALSE),$C$16),IFERROR(VLOOKUP(K6,$A7:$M$14,13,FALSE),$C$16)) | M6: =L6-E6 | N6: =M6-H6 | O6: =IF(N6=0,"Critical","")
A7: B | B7: Order soil and plants | C7: 4 | D7: 0 | E7: =C7+D7 | H7: =MAX(0,IFERROR(VLOOKUP(F7,$A$5:$I6,9,FALSE),0),IFERROR(VLOOKUP(G7,$A$5:$I6,9,FALSE),0)) | I7: =H7+E7 | J7: F | L7: =MIN($C$16,IFERROR(VLOOKUP(J7,$A8:$M$14,13,FALSE),$C$16),IFERROR(VLOOKUP(K7,$A8:$M$14,13,FALSE),$C$16)) | M7: =L7-E7 | N7: =M7-H7 | O7: =IF(N7=0,"Critical","") | Q7: 2. To lengthen an activity, type the extra days in its blue Change cell in column D. To shorten it, type a negative number. The scans, float and critical path all update.
A8: C | B8: Build garden beds | C8: 3 | D8: 0 | E8: =C8+D8 | F8: A | H8: =MAX(0,IFERROR(VLOOKUP(F8,$A$5:$I7,9,FALSE),0),IFERROR(VLOOKUP(G8,$A$5:$I7,9,FALSE),0)) | I8: =H8+E8 | J8: E | K8: F | L8: =MIN($C$16,IFERROR(VLOOKUP(J8,$A9:$M$14,13,FALSE),$C$16),IFERROR(VLOOKUP(K8,$A9:$M$14,13,FALSE),$C$16)) | M8: =L8-E8 | N8: =M8-H8 | O8: =IF(N8=0,"Critical","")
A9: D | B9: Install irrigation | C9: 2 | D9: 0 | E9: =C9+D9 | F9: A | H9: =MAX(0,IFERROR(VLOOKUP(F9,$A$5:$I8,9,FALSE),0),IFERROR(VLOOKUP(G9,$A$5:$I8,9,FALSE),0)) | I9: =H9+E9 | J9: G | L9: =MIN($C$16,IFERROR(VLOOKUP(J9,$A10:$M$14,13,FALSE),$C$16),IFERROR(VLOOKUP(K9,$A10:$M$14,13,FALSE),$C$16)) | M9: =L9-E9 | N9: =M9-H9 | O9: =IF(N9=0,"Critical","")
A10: E | B10: Lay paths | C10: 3 | D10: 0 | E10: =C10+D10 | F10: C | H10: =MAX(0,IFERROR(VLOOKUP(F10,$A$5:$I9,9,FALSE),0),IFERROR(VLOOKUP(G10,$A$5:$I9,9,FALSE),0)) | I10: =H10+E10 | J10: H | L10: =MIN($C$16,IFERROR(VLOOKUP(J10,$A11:$M$14,13,FALSE),$C$16),IFERROR(VLOOKUP(K10,$A11:$M$14,13,FALSE),$C$16)) | M10: =L10-E10 | N10: =M10-H10 | O10: =IF(N10=0,"Critical","") | Q10: 3. Set every Change cell back to 0 after each question.
A11: F | B11: Fill beds with soil | C11: 1 | D11: 0 | E11: =C11+D11 | F11: B | G11: C | H11: =MAX(0,IFERROR(VLOOKUP(F11,$A$5:$I10,9,FALSE),0),IFERROR(VLOOKUP(G11,$A$5:$I10,9,FALSE),0)) | I11: =H11+E11 | J11: G | L11: =MIN($C$16,IFERROR(VLOOKUP(J11,$A12:$M$14,13,FALSE),$C$16),IFERROR(VLOOKUP(K11,$A12:$M$14,13,FALSE),$C$16)) | M11: =L11-E11 | N11: =M11-H11 | O11: =IF(N11=0,"Critical","")
A12: G | B12: Plant seedlings | C12: 2 | D12: 0 | E12: =C12+D12 | F12: D | G12: F | H12: =MAX(0,IFERROR(VLOOKUP(F12,$A$5:$I11,9,FALSE),0),IFERROR(VLOOKUP(G12,$A$5:$I11,9,FALSE),0)) | I12: =H12+E12 | J12: H | L12: =MIN($C$16,IFERROR(VLOOKUP(J12,$A13:$M$14,13,FALSE),$C$16),IFERROR(VLOOKUP(K12,$A13:$M$14,13,FALSE),$C$16)) | M12: =L12-E12 | N12: =M12-H12 | O12: =IF(N12=0,"Critical","") | Q12: Questions – worked answers
A13: H | B13: Mulch and put up signs | C13: 1 | D13: 0 | E13: =C13+D13 | F13: E | G13: G | H13: =MAX(0,IFERROR(VLOOKUP(F13,$A$5:$I12,9,FALSE),0),IFERROR(VLOOKUP(G13,$A$5:$I12,9,FALSE),0)) | I13: =H13+E13 | L13: =MIN($C$16,IFERROR(VLOOKUP(J13,$A14:$M$14,13,FALSE),$C$16),IFERROR(VLOOKUP(K13,$A14:$M$14,13,FALSE),$C$16)) | M13: =L13-E13 | N13: =M13-H13 | O13: =IF(N13=0,"Critical","") | Q13: Q1. What is the completion time? The model lists the critical activities – how many critical paths are there, and what are they?
A15: Results | Q15: 9 days. There are 2 critical paths: A – C – E – H and A – C – F – G – H. Each takes 9 days.
A16: Completion time (days) | C16: =MAX(I6:I13)
A17: Critical activities | C17: =SUBSTITUTE(TRIM(IF(N6=0,A6&" ","")&IF(N7=0,A7&" ","")&IF(N8=0,A8&" ","")&IF(N9=0,A9&" ","")&IF(N10=0,A10&" ","")&IF(N11=0,A11&" ","")&IF(N12=0,A12&" ","")&IF(N13=0,A13&" ",""))," "," – ")
Q19: Q2. The soil and plants (B) arrive 3 days late. What is the new completion time? Explain using the float of B.
Q21: 11 days. B has 1 day of float, so the first 1 day of the delay is absorbed and the project is delayed by 2 days.
Q25: Q3. How many days can installing the irrigation (D) be delayed without delaying the project?
Q27: 2 days – its float.
Q31: Q4. Extra volunteers can shorten ONE activity by 1 day. Which activities would make the garden finish a day earlier? Why not the others?
Q33: A (clear the site), C (build garden beds) and H (mulch and put up signs) – the activities on BOTH critical paths. Shortening E, F and G alone leaves the other critical path at 9 days, and shortening a non-critical activity just gives it more float.
