Workbook

Sheet Start here
A1: Critical Path Analysis – Spreadsheet Tutorial
A2: Work through the tabs in order. The whole project is modelled with formulas, so change a yellow cell and watch the scans, the critical path and the Gantt chart update.
A4: What you will learn
A5: 1. Model a project from its precedence table, and forward scan to find each earliest starting time (EST).
A6: 2. Backward scan to find each latest starting time (LST), the float times and the critical path.
A7: 3. Draw a Gantt chart that shows the critical path.
A8: 4. Examine how increasing or reducing the duration of an activity changes the completion time.
A10: Colour key
A11: 100 | B11: Yellow cell with blue text = an input. Change these to explore.
A12: =A11*2 | B12: White cell with black text = a formula. Click it to read the formula, but don't type over it.
A13: Try it | B13: Short tasks on each tab. Answers are on the last tab.
A15: The tabs
A16: Tab | B16: What you model | C16: Key formula or function
A17: 1 Forward scan | B17: A school open day: precedence table, ESTs and the minimum completion time | C17: EST = largest EFT of the predecessors
A18: 2 Backward scan | B18: LSTs, float times and the critical path | C18: LST = smallest LST of the successors − duration
A19: 3 Gantt chart | B19: The project drawn as a Gantt chart | C19: Stacked bar chart
A20: 4 Changing durations | B20: What happens when an activity is delayed or sped up | C20: Both scans rerun with new durations
A23: Spreadsheet skills you will use
A24: Cell references | B24: The formula =G6+C6 adds the values in those cells. Change C6 and the answer updates.
A25: Absolute references | B25: $A$5 stays locked when a formula is filled down. A6 (no $ signs) moves down a row each time.
A26: MAX and MIN | B26: MAX(…) gives the largest of a list of values and MIN(…) gives the smallest.
A27: VLOOKUP | B27: VLOOKUP(D7,$A$5:$H6,8,FALSE) finds D7 in the first column of the range and returns the value from its 8th column.
A28: IFERROR | B28: IFERROR(formula, 0) shows 0 instead of an error – here, when a predecessor cell is blank.
A29: Links to other tabs | B29: ='1 Forward scan'!C6 shows the value of C6 on the tab called 1 Forward scan.
A30: If you get lost | B30: Press Ctrl+Z (Cmd+Z on a Mac) to undo, or close without saving and reopen the file.

Sheet 1 Forward scan
A1: 1 Precedence table and forward scan
A2: Your class is running a school open day. The precedence table lists every activity, how long it takes and which activities must finish before it can start (its immediate predecessors).
A4: Precedence table – change the yellow cells | J4: How it works
A5: Activity | B5: Task | C5: Duration (days) | D5: Immediate predecessor 1 | E5: Immediate predecessor 2 | F5: Immediate predecessor 3 | G5: EST | H5: EFT | J5: Forward scanning works DOWN the table. An activity can start only when ALL of its immediate predecessors have finished.
A6: A | B6: Book the hall and set the date | C6: 2 | G6: =MAX(0,IFERROR(VLOOKUP(D6,$A$5:$H5,8,FALSE),0),IFERROR(VLOOKUP(E6,$A$5:$H5,8,FALSE),0),IFERROR(VLOOKUP(F6,$A$5:$H5,8,FALSE),0)) | H6: =G6+C6
A7: B | B7: Design the program | C7: 3 | D7: A | G7: =MAX(0,IFERROR(VLOOKUP(D7,$A$5:$H6,8,FALSE),0),IFERROR(VLOOKUP(E7,$A$5:$H6,8,FALSE),0),IFERROR(VLOOKUP(F7,$A$5:$H6,8,FALSE),0)) | H7: =G7+C7 | J7: EST (earliest starting time) = the largest EFT of its immediate predecessors, or 0 if it has none. EFT (earliest finishing time) = EST + duration.
A8: C | B8: Hire sound and display equipment | C8: 4 | D8: A | G8: =MAX(0,IFERROR(VLOOKUP(D8,$A$5:$H7,8,FALSE),0),IFERROR(VLOOKUP(E8,$A$5:$H7,8,FALSE),0),IFERROR(VLOOKUP(F8,$A$5:$H7,8,FALSE),0)) | H8: =G8+C8
A9: D | B9: Send invitations to families | C9: 3 | D9: B | G9: =MAX(0,IFERROR(VLOOKUP(D9,$A$5:$H8,8,FALSE),0),IFERROR(VLOOKUP(E9,$A$5:$H8,8,FALSE),0),IFERROR(VLOOKUP(F9,$A$5:$H8,8,FALSE),0)) | H9: =G9+C9 | J9: Cell H6: =G6+C6
A10: E | B10: Print the programs | C10: 1 | D10: B | G10: =MAX(0,IFERROR(VLOOKUP(D10,$A$5:$H9,8,FALSE),0),IFERROR(VLOOKUP(E10,$A$5:$H9,8,FALSE),0),IFERROR(VLOOKUP(F10,$A$5:$H9,8,FALSE),0)) | H10: =G10+C10 | J10: VLOOKUP finds each predecessor in column A and returns its EFT from column H (the 8th column). IFERROR turns a blank predecessor into 0, and MAX picks the largest.
A11: F | B11: Train student volunteers | C11: 3 | D11: C | G11: =MAX(0,IFERROR(VLOOKUP(D11,$A$5:$H10,8,FALSE),0),IFERROR(VLOOKUP(E11,$A$5:$H10,8,FALSE),0),IFERROR(VLOOKUP(F11,$A$5:$H10,8,FALSE),0)) | H11: =G11+C11
A12: G | B12: Set up displays in the hall | C12: 2 | D12: C | E12: E | G12: =MAX(0,IFERROR(VLOOKUP(D12,$A$5:$H11,8,FALSE),0),IFERROR(VLOOKUP(E12,$A$5:$H11,8,FALSE),0),IFERROR(VLOOKUP(F12,$A$5:$H11,8,FALSE),0)) | H12: =G12+C12 | J12: Cell G7: =MAX(0, IFERROR(VLOOKUP(D7,$A$5:$H6,8,FALSE),0), … the same for E7 and F7)
A13: H | B13: Rehearse the presentations | C13: 1 | D13: F | E13: G | G13: =MAX(0,IFERROR(VLOOKUP(D13,$A$5:$H12,8,FALSE),0),IFERROR(VLOOKUP(E13,$A$5:$H12,8,FALSE),0),IFERROR(VLOOKUP(F13,$A$5:$H12,8,FALSE),0)) | H13: =G13+C13 | J13: The range $A$5:$H6 only reaches the rows ABOVE. That is why the activities are listed so that every predecessor comes before the activities that depend on it.
A14: I | B14: Final briefing and walk-through | C14: 1 | D14: D | E14: H | G14: =MAX(0,IFERROR(VLOOKUP(D14,$A$5:$H13,8,FALSE),0),IFERROR(VLOOKUP(E14,$A$5:$H13,8,FALSE),0),IFERROR(VLOOKUP(F14,$A$5:$H13,8,FALSE),0)) | H14: =G14+C14
J15: The minimum completion time is the largest EFT (cell C17).
A16: Results
B17: Minimum completion time (days) | C17: =MAX(H6:H14) | J17: Try it
J18: 1. Hiring the equipment (C) takes 6 days instead of 4. Change C8. What is the new minimum completion time?
J20: 2. Set C back to 4. Designing the program (B) takes 5 days instead of 3. Change C7. What is the minimum completion time now?
J22: 3. Set B back to 3. Sending invitations (D) now also has to wait for the equipment (C). Type C in E9. Does the completion time change? Why?
J24: Set every input back to its starting value when you finish (delete the C you typed in E9).

Sheet 2 Backward scan
A1: 2 Backward scan, float and the critical path
A2: Now work backwards from the end of the project to find how late each activity can start without delaying the open day. Activities with no spare time form the critical path.
A4: Successors – the activities that have this one as an immediate predecessor | M4: How it works
A5: Activity | B5: Duration (days) | C5: Immediate successor 1 | D5: Immediate successor 2 | E5: Immediate successor 3 | F5: EST | G5: EFT | H5: LFT | I5: LST | J5: Float | K5: Critical? | M5: Backward scanning works UP the table, starting from the minimum completion time. An activity must finish in time for ALL of its immediate successors to start on time.
A6: ='1 Forward scan'!A6 | B6: ='1 Forward scan'!C6 | C6: B | D6: C | F6: ='1 Forward scan'!G6 | G6: ='1 Forward scan'!H6 | H6: =MIN($F$17,IFERROR(VLOOKUP(C6,$A7:$I$15,9,FALSE),$F$17),IFERROR(VLOOKUP(D6,$A7:$I$15,9,FALSE),$F$17),IFERROR(VLOOKUP(E6,$A7:$I$15,9,FALSE),$F$17)) | I6: =H6-B6 | J6: =I6-F6 | K6: =IF(J6=0,"Critical","")
A7: ='1 Forward scan'!A7 | B7: ='1 Forward scan'!C7 | C7: D | D7: E | F7: ='1 Forward scan'!G7 | G7: ='1 Forward scan'!H7 | H7: =MIN($F$17,IFERROR(VLOOKUP(C7,$A8:$I$15,9,FALSE),$F$17),IFERROR(VLOOKUP(D7,$A8:$I$15,9,FALSE),$F$17),IFERROR(VLOOKUP(E7,$A8:$I$15,9,FALSE),$F$17)) | I7: =H7-B7 | J7: =I7-F7 | K7: =IF(J7=0,"Critical","") | M7: LFT (latest finishing time) = the smallest LST of its immediate successors, or the completion time if it has none. LST (latest starting time) = LFT − duration.
A8: ='1 Forward scan'!A8 | B8: ='1 Forward scan'!C8 | C8: F | D8: G | F8: ='1 Forward scan'!G8 | G8: ='1 Forward scan'!H8 | H8: =MIN($F$17,IFERROR(VLOOKUP(C8,$A9:$I$15,9,FALSE),$F$17),IFERROR(VLOOKUP(D8,$A9:$I$15,9,FALSE),$F$17),IFERROR(VLOOKUP(E8,$A9:$I$15,9,FALSE),$F$17)) | I8: =H8-B8 | J8: =I8-F8 | K8: =IF(J8=0,"Critical","")
A9: ='1 Forward scan'!A9 | B9: ='1 Forward scan'!C9 | C9: I | F9: ='1 Forward scan'!G9 | G9: ='1 Forward scan'!H9 | H9: =MIN($F$17,IFERROR(VLOOKUP(C9,$A10:$I$15,9,FALSE),$F$17),IFERROR(VLOOKUP(D9,$A10:$I$15,9,FALSE),$F$17),IFERROR(VLOOKUP(E9,$A10:$I$15,9,FALSE),$F$17)) | I9: =H9-B9 | J9: =I9-F9 | K9: =IF(J9=0,"Critical","") | M9: Cell H6: =MIN($F$17, IFERROR(VLOOKUP(C6,$A7:$I$15,9,FALSE),$F$17), …)
A10: ='1 Forward scan'!A10 | B10: ='1 Forward scan'!C10 | C10: G | F10: ='1 Forward scan'!G10 | G10: ='1 Forward scan'!H10 | H10: =MIN($F$17,IFERROR(VLOOKUP(C10,$A11:$I$15,9,FALSE),$F$17),IFERROR(VLOOKUP(D10,$A11:$I$15,9,FALSE),$F$17),IFERROR(VLOOKUP(E10,$A11:$I$15,9,FALSE),$F$17)) | I10: =H10-B10 | J10: =I10-F10 | K10: =IF(J10=0,"Critical","") | M10: This time the range $A7:$I$15 only reaches the rows BELOW, because successors come later in the table.
A11: ='1 Forward scan'!A11 | B11: ='1 Forward scan'!C11 | C11: H | F11: ='1 Forward scan'!G11 | G11: ='1 Forward scan'!H11 | H11: =MIN($F$17,IFERROR(VLOOKUP(C11,$A12:$I$15,9,FALSE),$F$17),IFERROR(VLOOKUP(D11,$A12:$I$15,9,FALSE),$F$17),IFERROR(VLOOKUP(E11,$A12:$I$15,9,FALSE),$F$17)) | I11: =H11-B11 | J11: =I11-F11 | K11: =IF(J11=0,"Critical","")
A12: ='1 Forward scan'!A12 | B12: ='1 Forward scan'!C12 | C12: H | F12: ='1 Forward scan'!G12 | G12: ='1 Forward scan'!H12 | H12: =MIN($F$17,IFERROR(VLOOKUP(C12,$A13:$I$15,9,FALSE),$F$17),IFERROR(VLOOKUP(D12,$A13:$I$15,9,FALSE),$F$17),IFERROR(VLOOKUP(E12,$A13:$I$15,9,FALSE),$F$17)) | I12: =H12-B12 | J12: =I12-F12 | K12: =IF(J12=0,"Critical","") | M12: Float = LST − EST is how long an activity can be delayed without delaying the whole project. Activities with zero float are critical, and together they form the critical path.
A13: ='1 Forward scan'!A13 | B13: ='1 Forward scan'!C13 | C13: I | F13: ='1 Forward scan'!G13 | G13: ='1 Forward scan'!H13 | H13: =MIN($F$17,IFERROR(VLOOKUP(C13,$A14:$I$15,9,FALSE),$F$17),IFERROR(VLOOKUP(D13,$A14:$I$15,9,FALSE),$F$17),IFERROR(VLOOKUP(E13,$A14:$I$15,9,FALSE),$F$17)) | I13: =H13-B13 | J13: =I13-F13 | K13: =IF(J13=0,"Critical","")
A14: ='1 Forward scan'!A14 | B14: ='1 Forward scan'!C14 | F14: ='1 Forward scan'!G14 | G14: ='1 Forward scan'!H14 | H14: =MIN($F$17,IFERROR(VLOOKUP(C14,$A15:$I$15,9,FALSE),$F$17),IFERROR(VLOOKUP(D14,$A15:$I$15,9,FALSE),$F$17),IFERROR(VLOOKUP(E14,$A15:$I$15,9,FALSE),$F$17)) | I14: =H14-B14 | J14: =I14-F14 | K14: =IF(J14=0,"Critical","") | M14: Cell J6: =I6-F6 Cell K6: =IF(J6=0,"Critical","")
M15: Durations, ESTs and EFTs come from tab 1. If you change a predecessor on tab 1, update the successors here to match.
A16: Results
A17: Minimum completion time (days) | F17: =MAX(G6:G14)
A18: Critical activities | F18: =SUBSTITUTE(TRIM(IF(J6=0,A6&" ","")&IF(J7=0,A7&" ","")&IF(J8=0,A8&" ","")&IF(J9=0,A9&" ","")&IF(J10=0,A10&" ","")&IF(J11=0,A11&" ","")&IF(J12=0,A12&" ","")&IF(J13=0,A13&" ","")&IF(J14=0,A14&" ",""))," "," – ") | M18: Try it
M19: 1. Which activity has the most float? What does that mean for the people doing it?
M20: 2. On tab 1, change printing the programs (E) to 2 days. Does the completion time change? What happens to the float of B, D, E and G?
M22: 3. Why must every activity on the critical path have zero float?
M23: Set E back to 1 day when you finish.

Sheet 3 Gantt chart
A1: 3 Gantt chart
A2: A Gantt chart draws each activity as a bar along a time line, starting at its EST. This one is linked to tabs 1 and 2, so it redraws when a duration changes.
A4: Chart data – linked to tab 2 | G4: How it works
A5: Activity | B5: Start (EST) | C5: Critical activity | D5: Non-critical activity | E5: Float | G5: Each bar starts at the activity’s EST and is as long as its duration.
A6: ='2 Backward scan'!A6 | B6: ='2 Backward scan'!F6 | C6: =IF('2 Backward scan'!J6=0,'2 Backward scan'!B6,0) | D6: =IF('2 Backward scan'!J6>0,'2 Backward scan'!B6,0) | E6: ='2 Backward scan'!J6 | G6: The chart is a stacked bar chart. Its first series (the EST) has no fill, so each visible bar appears to start in the right place.
A7: ='2 Backward scan'!A7 | B7: ='2 Backward scan'!F7 | C7: =IF('2 Backward scan'!J7=0,'2 Backward scan'!B7,0) | D7: =IF('2 Backward scan'!J7>0,'2 Backward scan'!B7,0) | E7: ='2 Backward scan'!J7
A8: ='2 Backward scan'!A8 | B8: ='2 Backward scan'!F8 | C8: =IF('2 Backward scan'!J8=0,'2 Backward scan'!B8,0) | D8: =IF('2 Backward scan'!J8>0,'2 Backward scan'!B8,0) | E8: ='2 Backward scan'!J8 | G8: Critical activities are red. Non-critical activities are blue, followed by a dashed box showing their float – how far the bar could slide to the right without delaying the project.
A9: ='2 Backward scan'!A9 | B9: ='2 Backward scan'!F9 | C9: =IF('2 Backward scan'!J9=0,'2 Backward scan'!B9,0) | D9: =IF('2 Backward scan'!J9>0,'2 Backward scan'!B9,0) | E9: ='2 Backward scan'!J9
A10: ='2 Backward scan'!A10 | B10: ='2 Backward scan'!F10 | C10: =IF('2 Backward scan'!J10=0,'2 Backward scan'!B10,0) | D10: =IF('2 Backward scan'!J10>0,'2 Backward scan'!B10,0) | E10: ='2 Backward scan'!J10 | G10: Cell C6: =IF('2 Backward scan'!J6=0,'2 Backward scan'!B6,0)
A11: ='2 Backward scan'!A11 | B11: ='2 Backward scan'!F11 | C11: =IF('2 Backward scan'!J11=0,'2 Backward scan'!B11,0) | D11: =IF('2 Backward scan'!J11>0,'2 Backward scan'!B11,0) | E11: ='2 Backward scan'!J11 | G11: Read the critical path from the red bars: each one starts exactly when the one before it finishes.
A12: ='2 Backward scan'!A12 | B12: ='2 Backward scan'!F12 | C12: =IF('2 Backward scan'!J12=0,'2 Backward scan'!B12,0) | D12: =IF('2 Backward scan'!J12>0,'2 Backward scan'!B12,0) | E12: ='2 Backward scan'!J12
A13: ='2 Backward scan'!A13 | B13: ='2 Backward scan'!F13 | C13: =IF('2 Backward scan'!J13=0,'2 Backward scan'!B13,0) | D13: =IF('2 Backward scan'!J13>0,'2 Backward scan'!B13,0) | E13: ='2 Backward scan'!J13
A14: ='2 Backward scan'!A14 | B14: ='2 Backward scan'!F14 | C14: =IF('2 Backward scan'!J14=0,'2 Backward scan'!B14,0) | D14: =IF('2 Backward scan'!J14>0,'2 Backward scan'!B14,0) | E14: ='2 Backward scan'!J14 | G14: Try it
G15: 1. Use the chart: what is the latest day that sending the invitations (D) can start?
G16: 2. On tab 1, change training the volunteers (F) to 4 days. What changes on the chart?
G17: 3. Which activities are under way during day 7 (between time 6 and time 7)?
G18: Set F back to 3 days when you finish.

Sheet 4 Changing durations
A1: 4 Increasing or reducing durations
A2: What happens to the open day if an activity is delayed, or if extra helpers make an activity faster? Type a change in column C and both scans rerun.
A4: Type a change in days: 2 for a 2-day delay, −1 to finish a day sooner | L4: How it works
A5: Activity | B5: Original duration (days) | C5: Change (days) | D5: New duration (days) | E5: EST | F5: EFT | G5: LFT | H5: LST | I5: Float | J5: Critical? | L5: The model reruns the forward and backward scans using the new durations in column D. The predecessors and successors are the ones in the original precedence table, typed into the formulas.
A6: A | B6: ='1 Forward scan'!C6 | C6: 0 | D6: =B6+C6 | E6: 0 | F6: =E6+D6 | G6: =MIN($E$19,IFERROR(VLOOKUP("B",$A7:$H$15,8,FALSE),$E$19),IFERROR(VLOOKUP("C",$A7:$H$15,8,FALSE),$E$19)) | H6: =G6-D6 | I6: =H6-E6 | J6: =IF(I6=0,"Critical","")
A7: B | B7: ='1 Forward scan'!C7 | C7: 0 | D7: =B7+C7 | E7: =MAX(0,IFERROR(VLOOKUP("A",$A$5:$F6,6,FALSE),0)) | F7: =E7+D7 | G7: =MIN($E$19,IFERROR(VLOOKUP("D",$A8:$H$15,8,FALSE),$E$19),IFERROR(VLOOKUP("E",$A8:$H$15,8,FALSE),$E$19)) | H7: =G7-D7 | I7: =H7-E7 | J7: =IF(I7=0,"Critical","") | L7: Cell E13: =MAX(0, IFERROR(VLOOKUP("F",$A$5:$F12,6,FALSE),0), IFERROR(VLOOKUP("G",$A$5:$F12,6,FALSE),0))
A8: C | B8: ='1 Forward scan'!C8 | C8: 0 | D8: =B8+C8 | E8: =MAX(0,IFERROR(VLOOKUP("A",$A$5:$F7,6,FALSE),0)) | F8: =E8+D8 | G8: =MIN($E$19,IFERROR(VLOOKUP("F",$A9:$H$15,8,FALSE),$E$19),IFERROR(VLOOKUP("G",$A9:$H$15,8,FALSE),$E$19)) | H8: =G8-D8 | I8: =H8-E8 | J8: =IF(I8=0,"Critical","")
A9: D | B9: ='1 Forward scan'!C9 | C9: 0 | D9: =B9+C9 | E9: =MAX(0,IFERROR(VLOOKUP("B",$A$5:$F8,6,FALSE),0)) | F9: =E9+D9 | G9: =MIN($E$19,IFERROR(VLOOKUP("I",$A10:$H$15,8,FALSE),$E$19)) | H9: =G9-D9 | I9: =H9-E9 | J9: =IF(I9=0,"Critical","") | L9: Delaying a CRITICAL activity delays the whole project by the same amount.
A10: E | B10: ='1 Forward scan'!C10 | C10: 0 | D10: =B10+C10 | E10: =MAX(0,IFERROR(VLOOKUP("B",$A$5:$F9,6,FALSE),0)) | F10: =E10+D10 | G10: =MIN($E$19,IFERROR(VLOOKUP("G",$A11:$H$15,8,FALSE),$E$19)) | H10: =G10-D10 | I10: =H10-E10 | J10: =IF(I10=0,"Critical","") | L10: Delaying a NON-CRITICAL activity has no effect until the delay is more than its float. After that, it becomes critical and the project is delayed.
A11: F | B11: ='1 Forward scan'!C11 | C11: 0 | D11: =B11+C11 | E11: =MAX(0,IFERROR(VLOOKUP("C",$A$5:$F10,6,FALSE),0)) | F11: =E11+D11 | G11: =MIN($E$19,IFERROR(VLOOKUP("H",$A12:$H$15,8,FALSE),$E$19)) | H11: =G11-D11 | I11: =H11-E11 | J11: =IF(I11=0,"Critical","")
A12: G | B12: ='1 Forward scan'!C12 | C12: 0 | D12: =B12+C12 | E12: =MAX(0,IFERROR(VLOOKUP("C",$A$5:$F11,6,FALSE),0),IFERROR(VLOOKUP("E",$A$5:$F11,6,FALSE),0)) | F12: =E12+D12 | G12: =MIN($E$19,IFERROR(VLOOKUP("H",$A13:$H$15,8,FALSE),$E$19)) | H12: =G12-D12 | I12: =H12-E12 | J12: =IF(I12=0,"Critical","") | L12: Reducing a critical activity can shorten the project – but only until another path becomes critical. Then the project cannot finish any sooner unless that path is shortened too.
A13: H | B13: ='1 Forward scan'!C13 | C13: 0 | D13: =B13+C13 | E13: =MAX(0,IFERROR(VLOOKUP("F",$A$5:$F12,6,FALSE),0),IFERROR(VLOOKUP("G",$A$5:$F12,6,FALSE),0)) | F13: =E13+D13 | G13: =MIN($E$19,IFERROR(VLOOKUP("I",$A14:$H$15,8,FALSE),$E$19)) | H13: =G13-D13 | I13: =H13-E13 | J13: =IF(I13=0,"Critical","")
A14: I | B14: ='1 Forward scan'!C14 | C14: 0 | D14: =B14+C14 | E14: =MAX(0,IFERROR(VLOOKUP("D",$A$5:$F13,6,FALSE),0),IFERROR(VLOOKUP("H",$A$5:$F13,6,FALSE),0)) | F14: =E14+D14 | G14: =$E$19 | H14: =G14-D14 | I14: =H14-E14 | J14: =IF(I14=0,"Critical","")
L15: Try it
L16: 1. Training the volunteers (F) is delayed by 2 days. What is the new completion time?
A17: Results | L17: 2. Reset F. Sending the invitations (D) is delayed by 2 days. What happens? What about 3 days?
A18: Original completion time (days) | E18: ='1 Forward scan'!C17 | L18: 3. Reset D. With extra help, hiring the equipment (C) takes 1 day less. What is the new completion time? What if C took 2 days less?
A19: New completion time (days) | E19: =MAX(F6:F14)
A20: Change in completion time (days) | E20: =E19-E18 | L20: Set every change back to 0 when you finish.
A21: Critical activities now | E21: =SUBSTITUTE(TRIM(IF(I6=0,A6&" ","")&IF(I7=0,A7&" ","")&IF(I8=0,A8&" ","")&IF(I9=0,A9&" ","")&IF(I10=0,A10&" ","")&IF(I11=0,A11&" ","")&IF(I12=0,A12&" ","")&IF(I13=0,A13&" ","")&IF(I14=0,A14&" ",""))," "," – ")

Sheet Try it answers
A1: Try it – answers
A2: Have a go at each task before you look. Answers assume all other inputs are at their starting values.
A4: Tab | B4: Task | C4: Answer
A5: 1 Forward scan | B5: 1 | C5: 13 days (it was 11). C is on the longest path, so every extra day on C delays the whole project.
A6: 1 Forward scan | B6: 2 | C6: 12 days. B now finishes on day 7, which pushes back D, E and G. The path A – B – E – G – H – I takes 12 days, longer than A – C – F – H – I (11 days).
A7: 1 Forward scan | B7: 3 | C7: No – still 11 days. D now starts on day 6 (after C finishes) and finishes on day 9, which is still before H finishes on day 10, so the final briefing (I) can still start on day 10.
A8: 2 Backward scan | B8: 1 | C8: D (send invitations to families) has 2 days of float. It can start up to 2 days after its EST (any time from day 5 to day 7) without delaying the open day.
A9: 2 Backward scan | B9: 2 | C9: No, it stays at 11 days. E had 1 day of float, and the extra day uses it up. Floats are now B 0, D 2, E 0, G 0. There are now two critical paths: A – B – E – G – H – I and A – C – F – H – I.
A10: 2 Backward scan | B10: 3 | C10: The critical path is the longest path through the network, and its length IS the minimum completion time. Any delay to an activity on it makes that path – and so the whole project – longer, so there is no spare time.
A11: 3 Gantt chart | B11: 1 | C11: Day 7: its bar starts at 5 and its float box is 2 days long (5 + 2 = 7).
A12: 3 Gantt chart | B12: 2 | C12: F is critical, so the red bars for F, H and I all move 1 day to the right and the project now takes 12 days. The float boxes of the non-critical activities grow by 1 day.
A13: 3 Gantt chart | B13: 3 | C13: D, F and G: their bars cross the time 6 to 7 mark.
A14: 4 Changing durations | B14: 1 | C14: 13 days. F is critical, so the 2-day delay delays the whole project by 2 days.
A15: 4 Changing durations | B15: 2 | C15: 2 days: no change (11 days). D has 2 days of float, which absorbs the delay, and D becomes critical. 3 days: the project takes 12 days, because the delay is 1 day more than D’s float.
A16: 4 Changing durations | B16: 3 | C16: 1 day less: 10 days, with critical activities A – B – C – E – F – G – H – I. 2 days less: still 10 days – after the first day, B – E – G is also critical, so shortening C alone cannot save any more time.
