Workbook

Sheet Start here
A1: Bivariate Data Analysis – Spreadsheet Tutorial
A2: Work through the tabs in order. Every tab uses the same sample data from tab 1, so change a yellow cell there and watch the graphs, the correlation and the regression line update.
A4: What you will learn
A5: 1. Construct a scatter plot of a bivariate dataset, with the variables on the correct axes.
A6: 2. Calculate Pearson’s correlation coefficient r and describe the strength and direction of the association.
A7: 3. Construct the least-squares regression line and interpret its gradient and y-intercept.
A8: 4. Use the line to make predictions, and recognise the limits of interpolation and extrapolation.
A10: Colour key
A11: 100 | B11: Yellow cell with blue text = an input. Change these to explore.
A12: =A11*2 | B12: White cell with black text = a formula. Click it to read the formula, but don't type over it.
A13: Try it | B13: Short tasks on each tab. Answers are on the last tab.
A15: The tabs
A16: Tab | B16: What you model | C16: Key formula or function
A17: 1 Scatter plot | B17: Study time and exam marks for 15 students (sample data) | C17: Insert > Scatter
A18: 2 Correlation | B18: Pearson’s correlation coefficient | C18: CORREL
A19: 3 Regression line | B19: The least-squares regression line and residuals | C19: SLOPE, INTERCEPT, trendline
A20: 4 Predictions | B20: Predicting marks, and when not to trust a prediction | C20: ŷ = a + bx, FORECAST
A23: Spreadsheet skills you will use
A24: Cell references | B24: The formula =B6-$D$23 uses the values in those cells. Change B6 and the answer updates.
A25: Ranges | B25: B6:B20 means every cell from B6 down to B20.
A26: CORREL | B26: CORREL(x values, y values) gives Pearson’s correlation coefficient r.
A27: SLOPE and INTERCEPT | B27: SLOPE(y values, x values) and INTERCEPT(y values, x values). Note the y values come first.
A28: Insert a scatter plot | B28: Select the x and y columns with their headings, then Insert > Charts > Scatter (X Y). Add a chart title and axis titles.
A29: Add a trendline | B29: Click the points, then Add Chart Element > Trendline > Linear. Tick Display Equation on chart.
A30: If you get lost | B30: Press Ctrl+Z (Cmd+Z on a Mac) to undo, or close without saving and reopen the file.

Sheet 1 Scatter plot
A1: 1 Scatter plot
A2: A teacher asked 15 students how many hours a week they spent studying for an exam, then recorded their marks. This is sample data. Each student gives a pair of values, so this is bivariate data.
A4: The data – change these (sample data) | H4: How it works
A5: Student | B5: Study time (hours per week), x | C5: Exam mark (%), y | H5: Bivariate data has two variables for each person. The independent variable here is study time, and the dependent variable is the exam mark: the mark may depend on the study time, not the other way round.
A6: 1 | B6: 2 | C6: 45
A7: 2 | B7: 3 | C7: 50
A8: 3 | B8: 4 | C8: 48 | H8: The independent variable goes on the horizontal (x) axis and the dependent variable on the vertical (y) axis.
A9: 4 | B9: 4 | C9: 58
A10: 5 | B10: 5 | C10: 55 | H10: To make the chart: select B5:C20, then Insert > Charts > Scatter (X Y). Add a chart title and axis titles.
A11: 6 | B11: 6 | C11: 62
A12: 7 | B12: 6 | C12: 66 | H12: Describe a scatter plot by its form (linear or non-linear), its direction (positive or negative) and its strength (strong, moderate or weak).
A13: 8 | B13: 7 | C13: 64
A14: 9 | B14: 8 | C14: 70
A15: 10 | B15: 8 | C15: 74
A16: 11 | B16: 9 | C16: 72
A17: 12 | B17: 10 | C17: 80
A18: 13 | B18: 11 | C18: 78
A19: 14 | B19: 12 | C19: 85
A20: 15 | B20: 13 | C20: 88
A22: Results
A23: Number of students | D23: =COUNT(B6:B20)
A24: Mean study time, x̄ (hours) | D24: =AVERAGE(B6:B20)
A25: Mean exam mark, ȳ (%) | D25: =AVERAGE(C6:C20)
H31: Try it
H32: 1. Describe the association shown by the scatter plot: its form, direction and strength.
H33: 2. Change student 15’s mark to 40. What happens on the scatter plot? (Look at tab 2 to see the effect on r.)
H35: 3. Why should study time be on the x-axis and not the exam mark?
H36: Set student 15’s mark back to 88 when you finish.

Sheet 2 Correlation
A1: 2 Pearson’s correlation coefficient, r
A2: r measures how close the points are to a straight line (strength) and whether the line rises or falls (direction). The data is linked to tab 1.
A4: Data from tab 1, and the deviations from the means | H4: How it works
A5: Student | B5: x | C5: y | D5: x − x̄ | E5: y − ȳ | F5: (x − x̄)(y − ȳ) | H5: Pearson’s correlation coefficient r measures the strength and direction of a LINEAR association. It is always between −1 and 1.
A6: 1 | B6: ='1 Scatter plot'!B6 | C6: ='1 Scatter plot'!C6 | D6: =B6-$D$23 | E6: =C6-$D$24 | F6: =D6*E6
A7: 2 | B7: ='1 Scatter plot'!B7 | C7: ='1 Scatter plot'!C7 | D7: =B7-$D$23 | E7: =C7-$D$24 | F7: =D7*E7 | H7: Cell D25: =CORREL(B6:B20,C6:C20)
A8: 3 | B8: ='1 Scatter plot'!B8 | C8: ='1 Scatter plot'!C8 | D8: =B8-$D$23 | E8: =C8-$D$24 | F8: =D8*E8 | H8: Your calculator gives the same value in statistics mode.
A9: 4 | B9: ='1 Scatter plot'!B9 | C9: ='1 Scatter plot'!C9 | D9: =B9-$D$23 | E9: =C9-$D$24 | F9: =D9*E9 | H9: The sign gives the direction and the size gives the strength: 0.9 to 1 very strong, 0.7 to 0.9 strong, 0.5 to 0.7 moderate, 0.3 to 0.5 weak, below 0.3 very weak or none.
A10: 5 | B10: ='1 Scatter plot'!B10 | C10: ='1 Scatter plot'!C10 | D10: =B10-$D$23 | E10: =C10-$D$24 | F10: =D10*E10
A11: 6 | B11: ='1 Scatter plot'!B11 | C11: ='1 Scatter plot'!C11 | D11: =B11-$D$23 | E11: =C11-$D$24 | F11: =D11*E11 | H11: Cell D26: =IF(ABS(D25)>=0.9,"Very strong",IF(ABS(D25)>=0.7,"Strong", … ))&IF(D25>0," positive"," negative")
A12: 7 | B12: ='1 Scatter plot'!B12 | C12: ='1 Scatter plot'!C12 | D12: =B12-$D$23 | E12: =C12-$D$24 | F12: =D12*E12
A13: 8 | B13: ='1 Scatter plot'!B13 | C13: ='1 Scatter plot'!C13 | D13: =B13-$D$23 | E13: =C13-$D$24 | F13: =D13*E13 | H13: Columns D to F show why the sign works. A point above both means, or below both means, gives a positive product in column F. Most products here are positive, so r is positive.
A14: 9 | B14: ='1 Scatter plot'!B14 | C14: ='1 Scatter plot'!C14 | D14: =B14-$D$23 | E14: =C14-$D$24 | F14: =D14*E14
A15: 10 | B15: ='1 Scatter plot'!B15 | C15: ='1 Scatter plot'!C15 | D15: =B15-$D$23 | E15: =C15-$D$24 | F15: =D15*E15
A16: 11 | B16: ='1 Scatter plot'!B16 | C16: ='1 Scatter plot'!C16 | D16: =B16-$D$23 | E16: =C16-$D$24 | F16: =D16*E16 | H16: Try it
A17: 12 | B17: ='1 Scatter plot'!B17 | C17: ='1 Scatter plot'!C17 | D17: =B17-$D$23 | E17: =C17-$D$24 | F17: =D17*E17 | H17: 1. What is r, and how would you describe the association?
A18: 13 | B18: ='1 Scatter plot'!B18 | C18: ='1 Scatter plot'!C18 | D18: =B18-$D$23 | E18: =C18-$D$24 | F18: =D18*E18 | H18: 2. On tab 1, change student 15’s mark to 40. What is r now, and how is it described?
A19: 14 | B19: ='1 Scatter plot'!B19 | C19: ='1 Scatter plot'!C19 | D19: =B19-$D$23 | E19: =C19-$D$24 | F19: =D19*E19 | H19: 3. What would r be if every point lay exactly on a line sloping downwards?
A20: 15 | B20: ='1 Scatter plot'!B20 | C20: ='1 Scatter plot'!C20 | D20: =B20-$D$23 | E20: =C20-$D$24 | F20: =D20*E20 | H20: Set student 15’s mark back to 88 on tab 1 when you finish.
A22: Results
A23: Mean of x, x̄ | D23: =AVERAGE(B6:B20)
A24: Mean of y, ȳ | D24: =AVERAGE(C6:C20)
A25: Correlation coefficient, r | D25: =CORREL(B6:B20,C6:C20)
A26: Description | D26: =IF(ABS(D25)>=0.9,"Very strong",IF(ABS(D25)>=0.7,"Strong",IF(ABS(D25)>=0.5,"Moderate",IF(ABS(D25)>=0.3,"Weak","Very weak or no"))))&IF(D25>0," positive"," negative")&" linear association"
A27: Points with a positive product in column F | D27: =COUNTIF(F6:F20,">0")

Sheet 3 Regression line
A1: 3 The least-squares regression line
A2: The least-squares regression line is the line of best fit calculated by the spreadsheet (or your calculator). Here it is found with SLOPE and INTERCEPT, and drawn on the scatter plot as a trendline.
A4: Data from tab 1, with predictions from the line | H4: How it works
A5: Student | B5: Study time, x | C5: Exam mark, y | D5: Predicted mark, ŷ = a + bx | E5: Residual, y − ŷ | H5: The least-squares regression line is the line that makes the total of the squared residuals as small as possible. A residual is the vertical distance from a point to the line: actual − predicted.
A6: 1 | B6: ='1 Scatter plot'!B6 | C6: ='1 Scatter plot'!C6 | D6: =$D$24+$D$23*B6 | E6: =C6-D6
A7: 2 | B7: ='1 Scatter plot'!B7 | C7: ='1 Scatter plot'!C7 | D7: =$D$24+$D$23*B7 | E7: =C7-D7
A8: 3 | B8: ='1 Scatter plot'!B8 | C8: ='1 Scatter plot'!C8 | D8: =$D$24+$D$23*B8 | E8: =C8-D8 | H8: Cell D23: =SLOPE(C6:C20,B6:B20) Cell D24: =INTERCEPT(C6:C20,B6:B20)
A9: 4 | B9: ='1 Scatter plot'!B9 | C9: ='1 Scatter plot'!C9 | D9: =$D$24+$D$23*B9 | E9: =C9-D9 | H9: Watch the order: the y values come FIRST in SLOPE and INTERCEPT.
A10: 5 | B10: ='1 Scatter plot'!B10 | C10: ='1 Scatter plot'!C10 | D10: =$D$24+$D$23*B10 | E10: =C10-D10 | H10: On the chart the line is a linear trendline with its equation displayed. It matches cells D23 and D24.
A11: 6 | B11: ='1 Scatter plot'!B11 | C11: ='1 Scatter plot'!C11 | D11: =$D$24+$D$23*B11 | E11: =C11-D11
A12: 7 | B12: ='1 Scatter plot'!B12 | C12: ='1 Scatter plot'!C12 | D12: =$D$24+$D$23*B12 | E12: =C12-D12 | H12: The gradient tells you how much the mark changes, on average, for each extra hour of study per week. The y-intercept is the predicted mark for a student who does no study.
A13: 8 | B13: ='1 Scatter plot'!B13 | C13: ='1 Scatter plot'!C13 | D13: =$D$24+$D$23*B13 | E13: =C13-D13
A14: 9 | B14: ='1 Scatter plot'!B14 | C14: ='1 Scatter plot'!C14 | D14: =$D$24+$D$23*B14 | E14: =C14-D14 | H14: The residuals of the least-squares line always add to 0 (cell D26): the points above the line balance the points below it.
A15: 10 | B15: ='1 Scatter plot'!B15 | C15: ='1 Scatter plot'!C15 | D15: =$D$24+$D$23*B15 | E15: =C15-D15
A16: 11 | B16: ='1 Scatter plot'!B16 | C16: ='1 Scatter plot'!C16 | D16: =$D$24+$D$23*B16 | E16: =C16-D16
A17: 12 | B17: ='1 Scatter plot'!B17 | C17: ='1 Scatter plot'!C17 | D17: =$D$24+$D$23*B17 | E17: =C17-D17
A18: 13 | B18: ='1 Scatter plot'!B18 | C18: ='1 Scatter plot'!C18 | D18: =$D$24+$D$23*B18 | E18: =C18-D18
A19: 14 | B19: ='1 Scatter plot'!B19 | C19: ='1 Scatter plot'!C19 | D19: =$D$24+$D$23*B19 | E19: =C19-D19
A20: 15 | B20: ='1 Scatter plot'!B20 | C20: ='1 Scatter plot'!C20 | D20: =$D$24+$D$23*B20 | E20: =C20-D20
A22: Results
A23: Gradient, b | D23: =SLOPE(C6:C20,B6:B20)
A24: y-intercept, a | D24: =INTERCEPT(C6:C20,B6:B20)
A25: Equation of the line | D25: ="y = "&FIXED(D23,2)&"x + "&FIXED(D24,2)
A26: Sum of the residuals | D26: =SUM(E6:E20)
H33: Try it
H34: 1. Write the equation of the least-squares regression line.
H35: 2. Interpret the gradient and the y-intercept in the context of the data.
H36: 3. Which student is furthest ABOVE the line? What does a large positive residual mean here?

Sheet 4 Predictions
A1: 4 Making predictions
A2: The regression line can predict a mark for any study time. Inside the range of the data (interpolation) the prediction is reasonably reliable; outside it (extrapolation) it may not be.
A4: Input – change this | H4: How it works
A5: Study time to predict for (hours) | D5: 9.5 | H5: Substitute the study time into the equation of the line:
H6: ŷ = a + bx Cell D10: =D9+D8*D5
A7: Results | H7: FORECAST does the same calculation in one step from the raw data:
A8: Gradient, b (from tab 3) | D8: ='3 Regression line'!D23 | H8: Cell D11: =FORECAST(D5,'1 Scatter plot'!C6:C20,'1 Scatter plot'!B6:B20)
A9: y-intercept, a (from tab 3) | D9: ='3 Regression line'!D24 | H9: Interpolation predicts inside the range of the data (here 2 to 13 hours). The pattern is known there, so the prediction is reasonably reliable.
A10: Predicted mark, ŷ = a + bx (%) | D10: =D9+D8*D5
A11: Check with FORECAST (%) | D11: =FORECAST(D5,'1 Scatter plot'!C6:C20,'1 Scatter plot'!B6:B20) | H11: Extrapolation predicts outside that range. The pattern may not continue: the line keeps rising forever, but a mark can never be more than 100%.
A12: Interpolation or extrapolation? | D12: =IF(AND(D5>=MIN('1 Scatter plot'!B6:B20),D5<=MAX('1 Scatter plot'!B6:B20)),"Interpolation – inside the data","Extrapolation – outside the data")
H13: Cell D12 uses AND, MIN and MAX to check whether the input is inside the data range.
A14: Study time, x | B14: Predicted mark, ŷ (%) | C14: Interpolation or extrapolation? | D14: Is it possible?
A15: 0 | B15: =$D$9+$D$8*A15 | C15: =IF(AND(A15>=MIN('1 Scatter plot'!$B$6:$B$20),A15<=MAX('1 Scatter plot'!$B$6:$B$20)),"Interpolation","Extrapolation") | D15: =IF(B15>100,"No – over 100%",IF(B15<0,"No – below 0%","Yes")) | H15: Try it
A16: 5 | B16: =$D$9+$D$8*A16 | C16: =IF(AND(A16>=MIN('1 Scatter plot'!$B$6:$B$20),A16<=MAX('1 Scatter plot'!$B$6:$B$20)),"Interpolation","Extrapolation") | D16: =IF(B16>100,"No – over 100%",IF(B16<0,"No – below 0%","Yes")) | H16: 1. Predict the mark for a student who studies 9.5 hours a week. Is this interpolation or extrapolation?
A17: 10 | B17: =$D$9+$D$8*A17 | C17: =IF(AND(A17>=MIN('1 Scatter plot'!$B$6:$B$20),A17<=MAX('1 Scatter plot'!$B$6:$B$20)),"Interpolation","Extrapolation") | D17: =IF(B17>100,"No – over 100%",IF(B17<0,"No – below 0%","Yes"))
A18: 15 | B18: =$D$9+$D$8*A18 | C18: =IF(AND(A18>=MIN('1 Scatter plot'!$B$6:$B$20),A18<=MAX('1 Scatter plot'!$B$6:$B$20)),"Interpolation","Extrapolation") | D18: =IF(B18>100,"No – over 100%",IF(B18<0,"No – below 0%","Yes")) | H18: 2. Predict the mark for 25 hours a week. Why is this prediction not sensible?
A19: 20 | B19: =$D$9+$D$8*A19 | C19: =IF(AND(A19>=MIN('1 Scatter plot'!$B$6:$B$20),A19<=MAX('1 Scatter plot'!$B$6:$B$20)),"Interpolation","Extrapolation") | D19: =IF(B19>100,"No – over 100%",IF(B19<0,"No – below 0%","Yes")) | H19: 3. Is the line useful for predicting the mark of a student who does no study at all? Explain.
A20: 25 | B20: =$D$9+$D$8*A20 | C20: =IF(AND(A20>=MIN('1 Scatter plot'!$B$6:$B$20),A20<=MAX('1 Scatter plot'!$B$6:$B$20)),"Interpolation","Extrapolation") | D20: =IF(B20>100,"No – over 100%",IF(B20<0,"No – below 0%","Yes")) | H20: Set the input back to 9.5 when you finish.
A21: 30 | B21: =$D$9+$D$8*A21 | C21: =IF(AND(A21>=MIN('1 Scatter plot'!$B$6:$B$20),A21<=MAX('1 Scatter plot'!$B$6:$B$20)),"Interpolation","Extrapolation") | D21: =IF(B21>100,"No – over 100%",IF(B21<0,"No – below 0%","Yes"))

Sheet Try it answers
A1: Try it – answers
A2: Have a go at each task before you look. Answers assume all other inputs are at their starting values.
A4: Tab | B4: Task | C4: Answer
A5: 1 Scatter plot | B5: 1 | C5: The points lie close to a straight line that rises from left to right: a linear, positive and strong association. Students who studied more tended to get higher marks.
A6: 1 Scatter plot | B6: 2 | C6: That point drops to the bottom right, well away from the others – an outlier. The association looks weaker: r falls from 0.975 to 0.525.
A7: 1 Scatter plot | B7: 3 | C7: Study time is the independent variable: it may help explain the mark. The mark cannot change how long someone studied, so it is the dependent variable and goes on the y-axis.
A8: 2 Correlation | B8: 1 | C8: r = 0.975: a very strong positive linear association.
A9: 2 Correlation | B9: 2 | C9: r = 0.525: a moderate positive linear association. One outlier has a big effect on r.
A10: 2 Correlation | B10: 3 | C10: r = −1, a perfect negative linear association.
A11: 3 Regression line | B11: 1 | C11: ŷ = 3.92x + 38.11, or mark = 3.92 × study time + 38.11.
A12: 3 Regression line | B12: 2 | C12: Gradient 3.92: each extra hour of study per week is associated with about 3.9 more marks. y-intercept 38.11: a student who does no study is predicted to get about 38% (an extrapolation – nobody in the data studied less than 2 hours).
A13: 3 Regression line | B13: 3 | C13: Student 10 (8 hours, 74%): residual +4.53. They scored about 5 marks more than the line predicts for their study time.
A14: 4 Predictions | B14: 1 | C14: 75.35% – interpolation, because 9.5 hours is between 2 and 13 hours.
A15: 4 Predictions | B15: 2 | C15: 136.10% – more than 100%, which is impossible. It is an extrapolation far beyond the data: the straight-line pattern cannot continue.
A16: 4 Predictions | B16: 3 | C16: Only with caution. The line predicts 38%, but 0 hours is outside the data (2 to 13 hours), so this is extrapolation and may not be reliable.
